filename,file_size,file_attributes,region_count,region_id,region_shape_attributes,region_attributes
108.jpg,7026455,{},103,0,"{""name"":""polygon"",""all_points_x"":[122,126,126,126,125,123,122,119,117,115,113,112,108,106,104,102,95,91,91,91,94,97,103,106,106,110,115,119],""all_points_y"":[619,611,604,599,591,586,585,585,586,588,585,584,584,585,585,585,588,591,596,600,604,605,605,609,612,615,618,619]}","{""label_type"":""handlabeled"",""hold_type"":""hold""}"
108.jpg,7026455,{},103,1,"{""name"":""polygon"",""all_points_x"":[164,171,182,198,214,227,239,249,259,267,276,278,277,274,270,268,262,260,230,198,171,161,159,160],""all_points_y"":[749,752,755,757,760,760,760,751,733,716,683,661,649,645,643,642,642,644,669,700,725,735,741,746]}","{""label_type"":""handlabeled"",""hold_type"":""hold""}"
108.jpg,7026455,{},103,2,"{""name"":""polygon"",""all_points_x"":[160,164,166,166,165,163,161,160,158,156,152,150,150,151,154,156],""all_points_y"":[901,899,896,893,890,886,885,884,884,885,887,891,896,898,900,900]}","{""label_type"":""handlabeled"",""hold_type"":""hold""}"
108.jpg,7026455,{},103,3,"{""name"":""polygon"",""all_points_x"":[172,187,194,198,201,207,215,220,220,218,199,184,166,159,156,156,158,165,168,169],""all_points_y"":[997,1011,1018,1026,1040,1059,1084,1097,1102,1105,1097,1091,1083,1077,1069,1062,1051,1020,1001,997]}","{""label_type"":""handlabeled"",""hold_type"":""hold""}"
108.jpg,7026455,{},103,4,"{""name"":""polygon"",""all_points_x"":[12,15,17,19,21,23,24,24,24,21,21,19,17,15,14,13,12,10,10,9,9,9],""all_points_y"":[750,748,746,745,744,741,740,736,735,733,733,733,734,734,733,733,733,735,737,742,746,750]}","{""label_type"":""handlabeled"",""hold_type"":""hold""}"
108.jpg,7026455,{},103,5,"{""name"":""polygon"",""all_points_x"":[247,249,249,248,247,246,245,244,243,241,240,239,238,237,236,236,239,240],""all_points_y"":[1172,1170,1167,1163,1162,1161,1161,1160,1159,1158,1158,1158,1159,1161,1164,1167,1168,1168]}","{""label_type"":""handlabeled"",""hold_type"":""hold""}"
108.jpg,7026455,{},103,6,"{""name"":""polygon"",""all_points_x"":[254,259,263,266,270,276,281,286,290,308,309,310,310,309,306,301,296,288,278,272,259,250,245,241,239,238,236,234,236,241,246,250],""all_points_y"":[859,865,871,872,872,871,871,872,870,857,855,849,823,819,814,809,806,804,803,803,805,807,811,815,817,822,830,839,842,845,854,857]}","{""label_type"":""handlabeled"",""hold_type"":""hold""}"
108.jpg,7026455,{},103,7,"{""name"":""polygon"",""all_points_x"":[65,68,71,72,73,70,68,68,65,62,64],""all_points_y"":[752,752,752,750,747,744,743,744,747,749,751]}","{""label_type"":""handlabeled"",""hold_type"":""hold""}"
108.jpg,7026455,{},103,8,"{""name"":""polygon"",""all_points_x"":[54,65,75,74,64,62,54],""all_points_y"":[759,761,753,749,734,735,757]}","{""label_type"":""handlabeled"",""hold_type"":""volume""}"
108.jpg,7026455,{},103,9,"{""name"":""polygon"",""all_points_x"":[160,174,177,184,190,192,194,196,196,192,179,174,163,159,152,146,143,138,137,138,139,143,153,157],""all_points_y"":[1210,1196,1192,1188,1186,1186,1190,1195,1208,1214,1232,1235,1241,1243,1243,1242,1239,1234,1230,1223,1219,1215,1211,1210]}","{""label_type"":""handlabeled"",""hold_type"":""hold""}"
108.jpg,7026455,{},103,10,"{""name"":""polygon"",""all_points_x"":[62,76,66,54,61],""all_points_y"":[793,781,765,777,793]}","{""label_type"":""handlabeled"",""hold_type"":""volume""}"
108.jpg,7026455,{},103,11,"{""name"":""polygon"",""all_points_x"":[0,3,15,25,27,28,28,25,20,4,0],""all_points_y"":[843,845,835,824,820,815,809,805,800,788,791]}","{""label_type"":""handlabeled"",""hold_type"":""hold""}"
108.jpg,7026455,{},103,12,"{""name"":""polygon"",""all_points_x"":[276,282,280,278,275,273,272,268,267,268,272],""all_points_y"":[1252,1249,1245,1242,1241,1240,1240,1243,1246,1248,1250]}","{""label_type"":""handlabeled"",""hold_type"":""hold""}"
108.jpg,7026455,{},103,13,"{""name"":""polygon"",""all_points_x"":[198,191,187,181,173,166,165,167,169,173,182,189,195],""all_points_y"":[1120,1130,1130,1130,1129,1124,1120,1110,1104,1101,1100,1100,1111]}","{""label_type"":""handlabeled"",""hold_type"":""hold""}"
108.jpg,7026455,{},103,14,"{""name"":""polygon"",""all_points_x"":[35,40,52,44,38,25,20,17,18,19,24,30,33],""all_points_y"":[1290,1285,1264,1251,1244,1229,1238,1246,1252,1262,1271,1284,1290]}","{""label_type"":""handlabeled"",""hold_type"":""hold""}"
108.jpg,7026455,{},103,15,"{""name"":""polygon"",""all_points_x"":[0,9,14,21,23,8,5,2,0],""all_points_y"":[1195,1207,1214,1227,1232,1257,1258,1257,1254]}","{""label_type"":""handlabeled"",""hold_type"":""hold""}"
108.jpg,7026455,{},103,16,"{""name"":""polygon"",""all_points_x"":[356,368,375,380,389,394,408,414,421,430,438,445,451,458,463,472,482,488,492,490,482,463,442,419,409,392,376,364,346,335,321,310,305,303,303,301,299,300,300,303,305,310,314,324,331,338,345],""all_points_y"":[468,465,466,466,469,472,483,489,497,506,513,518,519,520,519,515,503,487,466,445,419,390,368,357,354,351,349,349,348,349,352,360,370,383,396,403,410,418,428,438,445,454,457,462,466,467,468]}","{""label_type"":""handlabeled"",""hold_type"":""hold""}"
108.jpg,7026455,{},103,17,"{""name"":""polygon"",""all_points_x"":[86,95,107,94,85],""all_points_y"":[757,759,753,734,755]}","{""label_type"":""handlabeled"",""hold_type"":""volume""}"
108.jpg,7026455,{},103,18,"{""name"":""polygon"",""all_points_x"":[444,445,443,438,427,403,381,370,353,346,336,327,320,310,311,315,319,336,354,380,411,431,442],""all_points_y"":[540,548,552,556,561,567,571,573,571,569,565,551,532,503,494,490,490,496,502,512,523,530,536]}","{""label_type"":""handlabeled"",""hold_type"":""hold""}"
108.jpg,7026455,{},103,19,"{""name"":""polygon"",""all_points_x"":[467,473,480,484,487,488,490,490,488,482,476,465,450,445,442,438,438,440,442,449,453,457,460,464],""all_points_y"":[560,565,569,573,578,588,600,607,615,621,620,617,614,610,609,594,582,570,565,561,558,556,557,558]}","{""label_type"":""handlabeled"",""hold_type"":""hold""}"
108.jpg,7026455,{},103,20,"{""name"":""polygon"",""all_points_x"":[116,120,124,133,135,135,132,128,125,122,118,114,111,106,104,103,104,106,108,112],""all_points_y"":[1065,1065,1063,1057,1050,1046,1043,1041,1040,1039,1040,1041,1042,1044,1046,1050,1054,1059,1061,1063]}","{""label_type"":""handlabeled"",""hold_type"":""hold""}"
108.jpg,7026455,{},103,21,"{""name"":""polygon"",""all_points_x"":[118,114,113,113,115,116],""all_points_y"":[828,825,822,818,813,813]}","{""label_type"":""handlabeled"",""hold_type"":""hold""}"
108.jpg,7026455,{},103,22,"{""name"":""polygon"",""all_points_x"":[112,108,107,106,107,108,110],""all_points_y"":[752,749,745,739,733,731,728]}","{""label_type"":""handlabeled"",""hold_type"":""hold""}"
108.jpg,7026455,{},103,23,"{""name"":""polygon"",""all_points_x"":[81,85,92,98,99,98,96,92,89,83,77,75,76,76,79],""all_points_y"":[981,979,969,960,953,947,935,930,927,934,945,951,959,965,976]}","{""label_type"":""handlabeled"",""hold_type"":""hold""}"
108.jpg,7026455,{},103,24,"{""name"":""polygon"",""all_points_x"":[43,53,58,60,55,46,41,41,38,38,39,40],""all_points_y"":[1153,1143,1139,1130,1125,1121,1122,1126,1135,1142,1147,1151]}","{""label_type"":""handlabeled"",""hold_type"":""hold""}"
108.jpg,7026455,{},103,25,"{""name"":""polygon"",""all_points_x"":[0,7,0],""all_points_y"":[903,892,889]}","{""label_type"":""handlabeled"",""hold_type"":""hold""}"
108.jpg,7026455,{},103,26,"{""name"":""polygon"",""all_points_x"":[95,100,103,105,107,106,101,98,95,94,93,92,93,94],""all_points_y"":[796,790,785,782,780,778,776,775,775,775,775,781,787,794]}","{""label_type"":""handlabeled"",""hold_type"":""hold""}"
108.jpg,7026455,{},103,27,"{""name"":""polygon"",""all_points_x"":[36,42,48,51,51,49,46,41,40,38,37,35,35,35,35,35],""all_points_y"":[857,855,852,850,844,839,834,829,829,829,831,833,834,840,844,850]}","{""label_type"":""handlabeled"",""hold_type"":""hold""}"
108.jpg,7026455,{},103,28,"{""name"":""polygon"",""all_points_x"":[43,48,53,54,55,53,50,47,44,43,42,40,39,39,41],""all_points_y"":[887,886,882,879,874,864,859,855,855,860,864,869,877,884,887]}","{""label_type"":""handlabeled"",""hold_type"":""hold""}"
108.jpg,7026455,{},103,29,"{""name"":""polygon"",""all_points_x"":[21,22,13,11,9,0,1,3,6,8],""all_points_y"":[915,912,897,896,900,911,917,921,925,926]}","{""label_type"":""handlabeled"",""hold_type"":""volume""}"
108.jpg,7026455,{},103,30,"{""name"":""polygon"",""all_points_x"":[206,212,216,220,218,215,212,209,205,203,199,196,194,193,192,192,194,195,196,199,201,203],""all_points_y"":[1267,1270,1272,1274,1276,1278,1280,1281,1280,1280,1279,1276,1273,1270,1267,1263,1261,1260,1259,1261,1264,1265]}","{""label_type"":""handlabeled"",""hold_type"":""hold""}"
108.jpg,7026455,{},103,31,"{""name"":""polygon"",""all_points_x"":[230,232,234,235,238,242,243,242,239,237,235,232,230,228,226,225,223,222,222,222,222,223,224,225,226,227,228,229],""all_points_y"":[1218,1223,1226,1229,1232,1237,1239,1240,1241,1241,1241,1240,1239,1238,1237,1235,1233,1230,1228,1227,1223,1222,1219,1217,1216,1216,1216,1216]}","{""label_type"":""handlabeled"",""hold_type"":""hold""}"
108.jpg,7026455,{},103,32,"{""name"":""polygon"",""all_points_x"":[18,27,49,43,27,26,25,24,21,19,17,16,14,14,14],""all_points_y"":[991,982,955,935,902,900,901,902,923,939,950,960,973,984,990]}","{""label_type"":""handlabeled"",""hold_type"":""hold""}"
108.jpg,7026455,{},103,33,"{""name"":""polygon"",""all_points_x"":[42,49,52,53,52,51,49,48,48,46,45,43,43,42,40,40,37,37,36,36,35,37,38],""all_points_y"":[1026,1019,1013,1010,1007,1003,1002,1001,999,997,996,997,998,998,999,999,1003,1005,1007,1012,1017,1022,1024]}","{""label_type"":""handlabeled"",""hold_type"":""hold""}"
108.jpg,7026455,{},103,34,"{""name"":""polygon"",""all_points_x"":[6,9,11,10,9,7,6,5,4,4],""all_points_y"":[989,988,985,982,980,981,982,984,986,988]}","{""label_type"":""handlabeled"",""hold_type"":""hold""}"
108.jpg,7026455,{},103,35,"{""name"":""polygon"",""all_points_x"":[0,4,7,13,17,20,20,20,20,18,16,13,12,9,9,7,6,5,4,3,2,2,1,1],""all_points_y"":[1014,1012,1010,1010,1007,1004,1002,999,995,993,991,990,989,989,991,994,996,997,999,1000,1002,1002,1002,1002]}","{""label_type"":""handlabeled"",""hold_type"":""hold""}"
108.jpg,7026455,{},103,36,"{""name"":""polygon"",""all_points_x"":[20,23,26,30,32,33,31,29,26,23,22,20,18,18,17,17,16,17,17,18],""all_points_y"":[1059,1058,1056,1055,1052,1049,1046,1045,1043,1044,1045,1045,1045,1046,1049,1049,1053,1054,1057,1059]}","{""label_type"":""handlabeled"",""hold_type"":""hold""}"
108.jpg,7026455,{},103,37,"{""name"":""polygon"",""all_points_x"":[230,233,234,236,238,241,245,247,251,253,256,259,259,256,253,249,244,237,222,214,206,199,194,189,186,186,189,190,190,188,186,184,182,181,180,181,184,190,201,211,218,226],""all_points_y"":[849,859,865,873,881,891,901,907,915,922,930,938,946,949,952,954,955,957,957,956,955,955,953,951,948,940,928,908,887,876,867,859,855,848,844,840,837,837,837,837,839,842]}","{""label_type"":""handlabeled"",""hold_type"":""hold""}"
108.jpg,7026455,{},103,38,"{""name"":""polygon"",""all_points_x"":[600,607,613,618,623,625,625,623,620,618,614,611,608,604,601,597,594,593,592,591,591,591,593,596],""all_points_y"":[511,505,498,490,484,480,476,474,473,472,474,475,477,480,484,490,494,497,502,505,508,510,511,512]}","{""label_type"":""handlabeled"",""hold_type"":""hold""}"
108.jpg,7026455,{},103,39,"{""name"":""polygon"",""all_points_x"":[267,274,277,280,281,281,279,277,273,270,265,262,253,250,247,243,240,238,238,238,240,244,247,252,256,260],""all_points_y"":[1056,1054,1051,1048,1045,1041,1036,1031,1029,1026,1023,1021,1020,1020,1021,1023,1027,1029,1033,1036,1040,1045,1049,1053,1054,1055]}","{""label_type"":""handlabeled"",""hold_type"":""hold""}"
108.jpg,7026455,{},103,40,"{""name"":""polygon"",""all_points_x"":[563,563,561,557,553,551,552,555,561,565,572,577,583,588,595,602,608,618,628,637,642,652,663,664,667,669,669,669,667,666,662,657,645,640,635,627,617,609,603,594,586,578,566,554,543,522,517,511,511,513,515,519,523,531,537,545,550,554,557,559,561],""all_points_y"":[601,591,584,571,557,545,534,527,521,518,516,515,515,514,515,516,519,521,527,535,542,553,574,579,589,598,605,620,637,645,660,675,698,705,712,718,724,727,729,730,730,729,726,716,710,688,677,663,654,646,642,638,636,637,636,633,630,626,621,616,612]}","{""label_type"":""handlabeled"",""hold_type"":""hold""}"
108.jpg,7026455,{},103,41,"{""name"":""polygon"",""all_points_x"":[693,702,712,716,723,724,716,715,701,693],""all_points_y"":[729,729,728,729,720,715,690,689,716,724]}","{""label_type"":""handlabeled"",""hold_type"":""hold""}"
108.jpg,7026455,{},103,42,"{""name"":""polygon"",""all_points_x"":[481,484,486,489,490,492,492,495,497,498,498,499,498,497,496,495,493,493,491,490,486,484,481,479,475,473,471,470,467,464,460,459,455,452,450,448,445,438,436,435,431,429,430,432,433,435,440,448,451,455,459,463,466,468,470,472,474,475,476,477,479],""all_points_y"":[780,773,770,768,765,762,759,755,753,751,750,748,745,743,740,738,735,731,728,726,722,720,717,715,713,711,710,710,710,711,712,712,713,713,713,713,714,716,718,721,730,737,742,748,752,755,761,773,776,778,781,781,782,783,782,782,781,781,782,782,782]}","{""label_type"":""handlabeled"",""hold_type"":""hold""}"
108.jpg,7026455,{},103,43,"{""name"":""polygon"",""all_points_x"":[582,587,592,596,598,601,603,602,599,597,596,594,591,587,584,582,578,577,576,576,576,577,577,579,580],""all_points_y"":[1023,1028,1031,1034,1037,1039,1040,1042,1044,1046,1046,1047,1046,1044,1042,1040,1036,1034,1031,1028,1025,1023,1022,1021,1021]}","{""label_type"":""handlabeled"",""hold_type"":""hold""}"
108.jpg,7026455,{},103,44,"{""name"":""polygon"",""all_points_x"":[421,426,431,435,435,432,426,422,419,417,415,414,412,410,409,408,410,412,413,416,418],""all_points_y"":[988,987,986,984,982,980,974,970,966,964,964,963,965,967,971,973,978,982,985,986,987]}","{""label_type"":""handlabeled"",""hold_type"":""hold""}"
108.jpg,7026455,{},103,45,"{""name"":""polygon"",""all_points_x"":[411,417,420,428,435,448,455,464,471,484,491,493,492,488,484,480,457,444,426,415,408,401,394,392,390,389,390,392,394,396,398,402,406],""all_points_y"":[770,775,780,790,799,818,827,839,849,866,875,880,888,892,893,891,883,875,866,859,854,847,840,836,831,824,811,804,797,781,776,770,768]}","{""label_type"":""handlabeled"",""hold_type"":""hold""}"
108.jpg,7026455,{},103,46,"{""name"":""polygon"",""all_points_x"":[473,479,483,484,483,482,478,473,468,465,460,459,458,455,453,450,448,448,447,447,448,449,451,453,459,464,467],""all_points_y"":[1272,1276,1280,1284,1287,1289,1293,1296,1299,1301,1301,1301,1300,1299,1298,1296,1288,1286,1282,1279,1276,1273,1271,1270,1269,1269,1270]}","{""label_type"":""handlabeled"",""hold_type"":""hold""}"
108.jpg,7026455,{},103,47,"{""name"":""polygon"",""all_points_x"":[486,484,481,479,476,473,471,470,468,467,464,464,463,463,463,464,465,466,468,475,479,482,486],""all_points_y"":[1144,1147,1148,1147,1146,1145,1143,1143,1142,1142,1141,1139,1134,1131,1128,1126,1125,1124,1126,1131,1135,1137,1139]}","{""label_type"":""handlabeled"",""hold_type"":""hold""}"
108.jpg,7026455,{},103,48,"{""name"":""polygon"",""all_points_x"":[502,504,504,504,502,501,500,498,493,492,490,487,484,482,479,478,476,476,476,477,478,479,479,481,482,485,486,489,492,496,499],""all_points_y"":[1138,1137,1132,1129,1122,1118,1114,1111,1106,1103,1101,1098,1096,1095,1094,1094,1095,1096,1099,1102,1105,1109,1114,1117,1123,1129,1132,1135,1137,1139,1139]}","{""label_type"":""handlabeled"",""hold_type"":""hold""}"
108.jpg,7026455,{},103,49,"{""name"":""polygon"",""all_points_x"":[386,394,399,406,411,417,422,426,425,419,413,408,403,383,377,369,362,355,347,341,334,331,333,335,341,346,352,357,364,367,371,377,381,384],""all_points_y"":[988,1007,1018,1033,1043,1059,1073,1083,1091,1094,1095,1093,1091,1080,1075,1070,1065,1059,1053,1047,1039,1030,1020,1014,1006,1001,994,989,983,980,978,979,981,983]}","{""label_type"":""handlabeled"",""hold_type"":""hold""}"
108.jpg,7026455,{},103,50,"{""name"":""polygon"",""all_points_x"":[323,330,336,350,353,360,364,364,363,359,353,346,340,329,320,314,309,305,303,297,295,292,290,279,273,267,264,263,263,267,270,276,282,287,295,301,306,310,316],""all_points_y"":[1196,1184,1170,1142,1132,1119,1112,1107,1102,1099,1097,1095,1094,1093,1094,1094,1096,1099,1101,1109,1118,1127,1135,1150,1158,1166,1173,1180,1186,1191,1194,1197,1199,1201,1203,1204,1203,1203,1201]}","{""label_type"":""handlabeled"",""hold_type"":""hold""}"
108.jpg,7026455,{},103,51,"{""name"":""polygon"",""all_points_x"":[314,322,334,346,355,362,370,376,386,391,393,395,395,393,386,380,376,370,363,358,354,350,346,342,337,332,329,326,324,322,319,316,312,309,304,303,300,293,291,289,290,290,293,296,301,307],""all_points_y"":[1276,1276,1276,1275,1274,1272,1271,1268,1264,1261,1259,1255,1252,1249,1245,1242,1240,1238,1236,1234,1233,1231,1228,1226,1222,1220,1218,1216,1215,1215,1215,1215,1216,1216,1218,1220,1223,1234,1240,1246,1254,1260,1266,1268,1272,1273]}","{""label_type"":""handlabeled"",""hold_type"":""hold""}"
108.jpg,7026455,{},103,52,"{""name"":""polygon"",""all_points_x"":[742,748,752,754,755,755,755,751,748,743,737,732,729,724,722,721,720,720,721,722,723,724,728,732,734,737],""all_points_y"":[1418,1418,1416,1413,1412,1407,1403,1397,1393,1389,1386,1385,1385,1386,1389,1391,1394,1399,1402,1406,1410,1413,1415,1417,1418,1419]}","{""label_type"":""handlabeled"",""hold_type"":""hold""}"
108.jpg,7026455,{},103,53,"{""name"":""polygon"",""all_points_x"":[660,665,673,676,681,684,684,684,683,680,678,674,670,667,665,661,658,654,653,650,649,647,646,646,646,646,647,649,651,653,655],""all_points_y"":[1357,1356,1353,1349,1345,1342,1340,1337,1333,1329,1326,1324,1321,1321,1321,1320,1322,1323,1324,1326,1328,1330,1332,1337,1340,1344,1347,1351,1352,1354,1356]}","{""label_type"":""handlabeled"",""hold_type"":""hold""}"
108.jpg,7026455,{},103,54,"{""name"":""polygon"",""all_points_x"":[524,532,541,542,544,545,545,543,541,537,534,530,526,523,519,513,509,505,501,497,492,485,482,480,475,473,471,471,473,475,477,479,482,485,490,493,496,498,501,504,508,513,515],""all_points_y"":[1434,1429,1419,1411,1405,1395,1383,1376,1370,1367,1365,1364,1364,1366,1369,1371,1374,1376,1377,1378,1379,1379,1380,1380,1383,1386,1389,1392,1396,1403,1407,1411,1416,1418,1420,1420,1421,1424,1427,1429,1432,1434,1434]}","{""label_type"":""handlabeled"",""hold_type"":""hold""}"
108.jpg,7026455,{},103,55,"{""name"":""polygon"",""all_points_x"":[571,575,578,582,586,588,591,593,595,595,595,593,592,589,585,576,572,568,564,561,553,551,547,544,534,526,520,513,504,500,495,492,493,493,495,497,506,516,522,535,544,552,562],""all_points_y"":[1284,1284,1283,1280,1278,1275,1271,1267,1264,1260,1255,1250,1246,1242,1238,1227,1223,1218,1213,1208,1196,1191,1185,1180,1169,1163,1162,1162,1165,1169,1175,1179,1183,1189,1194,1197,1209,1225,1233,1247,1257,1266,1277]}","{""label_type"":""handlabeled"",""hold_type"":""hold""}"
108.jpg,7026455,{},103,56,"{""name"":""polygon"",""all_points_x"":[705,714,721,724,728,730,718,714,708,695,693,689,683,680,676,675,676,677,678,677,679,681,687,693],""all_points_y"":[1223,1221,1219,1213,1201,1194,1175,1172,1171,1167,1168,1171,1174,1177,1181,1183,1186,1192,1199,1202,1205,1208,1211,1215]}","{""label_type"":""handlabeled"",""hold_type"":""hold""}"
108.jpg,7026455,{},103,57,"{""name"":""polygon"",""all_points_x"":[856,860,866,869,871,874,878,879,879,874,870,869,867,866,865,861,859,856,855],""all_points_y"":[1070,1071,1073,1073,1073,1071,1066,1062,1059,1051,1047,1047,1048,1048,1051,1055,1060,1064,1066]}","{""label_type"":""handlabeled"",""hold_type"":""hold""}"
108.jpg,7026455,{},103,58,"{""name"":""polygon"",""all_points_x"":[860,865,870,873,874,872,870,867,863,861,860,859,859,858,854,851,848,847,847,849,852,856],""all_points_y"":[1164,1160,1156,1151,1145,1142,1139,1137,1136,1135,1136,1139,1141,1144,1146,1150,1153,1156,1157,1159,1160,1161]}","{""label_type"":""handlabeled"",""hold_type"":""hold""}"
108.jpg,7026455,{},103,59,"{""name"":""polygon"",""all_points_x"":[920,924,926,928,929,928,927,926,918,913,910,908,904,901,897,894,892,893,893,895,897,901,904,907,911,914],""all_points_y"":[1372,1370,1367,1365,1362,1358,1354,1349,1343,1340,1338,1338,1339,1339,1340,1343,1347,1350,1356,1360,1365,1367,1368,1370,1371,1372]}","{""label_type"":""handlabeled"",""hold_type"":""hold""}"
108.jpg,7026455,{},103,60,"{""name"":""polygon"",""all_points_x"":[710,717,723,731,736,744,750,754,765,769,774,778,783,788,792,793,794,794,791,787,780,772,764,752,742,732,722,711,705,699,691,682,671,658,650,636,624,614,609,605,599,598,598,599,599,597,596,597,609,618,626,632,639,642,647,653,656,664,666,671,673,674,675,677,681,685,689,694,698,703],""all_points_y"":[884,885,885,885,884,882,881,880,880,881,884,887,893,899,908,914,923,935,949,958,967,975,980,986,988,990,990,989,988,988,989,989,988,988,985,981,973,966,961,954,941,934,920,915,908,885,879,874,847,838,832,828,825,824,823,822,823,825,828,833,839,843,850,857,864,869,873,877,880,881]}","{""label_type"":""handlabeled"",""hold_type"":""hold""}"
108.jpg,7026455,{},103,61,"{""name"":""polygon"",""all_points_x"":[810,819,826,832,834,836,836,836,836,836,838,840,844,848,852,858,863,867,873,880,884,890,895,900,905,910,913,917,921,928,931,934,936,937,938,938,938,937,936,934,929,925,918,913,904,902,876,870,864,858,854,847,841,829,819,812,809,804,801,798,797,795,796,797,799,801],""all_points_y"":[873,870,867,862,858,853,848,843,838,830,824,820,815,813,811,809,809,808,808,808,809,810,812,813,817,820,823,826,830,842,848,855,860,866,871,876,883,891,899,904,914,924,932,937,946,950,965,967,968,968,968,966,964,955,944,936,932,927,922,915,911,904,896,890,885,881]}","{""label_type"":""handlabeled"",""hold_type"":""hold""}"
108.jpg,7026455,{},103,62,"{""name"":""polygon"",""all_points_x"":[1065,1073,1075,1077,1074,1070,1068,1063,1056,1054,1052,1051,1049,1048,1048,1049,1051,1054,1055,1058,1060,1062],""all_points_y"":[1167,1164,1162,1160,1156,1154,1152,1149,1144,1142,1141,1142,1144,1148,1152,1155,1157,1161,1163,1165,1166,1167]}","{""label_type"":""handlabeled"",""hold_type"":""hold""}"
108.jpg,7026455,{},103,63,"{""name"":""polygon"",""all_points_x"":[1078,1081,1081,1081,1081,1081,1080,1079,1076,1072,1067,1062,1061,1057,1055,1054,1053,1053,1033,1029,1017,1015,1013,1013,1015,1018,1021,1030,1060,1070,1070,1072,1073,1077,1078],""all_points_y"":[325,336,341,364,380,399,420,435,469,503,530,551,553,552,548,545,540,539,508,498,478,466,458,449,441,429,419,402,352,335,327,323,320,321,323]}","{""label_type"":""handlabeled"",""hold_type"":""hold""}"
108.jpg,7026455,{},103,64,"{""name"":""polygon"",""all_points_x"":[1084,1090,1098,1102,1104,1106,1108,1113,1118,1120,1127,1134,1145,1161,1167,1176,1178,1183,1185,1187,1186,1186,1186,1184,1182,1174,1170,1164,1161,1155,1149,1145,1139,1137,1134,1130,1127,1120,1107,1100,1093,1086,1084,1080,1079,1078,1078,1078,1078,1078,1078,1078,1079,1078,1078,1078,1078,1078,1079,1081,1081],""all_points_y"":[555,558,562,564,563,564,563,562,557,557,560,564,570,580,585,592,598,606,615,623,629,636,641,643,644,645,645,646,646,646,647,646,646,645,644,643,641,638,631,626,622,615,612,608,605,601,598,593,590,587,585,578,575,572,570,566,563,560,557,555,555]}","{""label_type"":""handlabeled"",""hold_type"":""hold""}"
108.jpg,7026455,{},103,65,"{""name"":""polygon"",""all_points_x"":[1064,1077,1086,1102,1111,1124,1134,1147,1161,1168,1171,1171,1168,1155,1146,1134,1128,1121,1116,1110,1105,1097,1090,1086,1081,1069,1063,1046,1041,1038,1035,1033,1032,1032,1033,1036,1039,1046,1052,1060],""all_points_y"":[1262,1274,1284,1302,1312,1325,1334,1348,1358,1365,1368,1371,1377,1385,1387,1390,1390,1390,1390,1389,1388,1385,1381,1378,1373,1364,1359,1344,1334,1327,1321,1313,1305,1297,1290,1284,1277,1265,1261,1258]}","{""label_type"":""handlabeled"",""hold_type"":""hold""}"
108.jpg,7026455,{},103,66,"{""name"":""polygon"",""all_points_x"":[1119,1122,1127,1134,1153,1160,1149,1142,1134,1125,1107,1101,1094,1091,1086,1087,1086,1095],""all_points_y"":[689,702,716,734,763,769,768,765,763,758,741,732,717,705,690,678,647,659]}","{""label_type"":""handlabeled"",""hold_type"":""hold""}"
108.jpg,7026455,{},103,67,"{""name"":""polygon"",""all_points_x"":[1108,1119,1126,1137,1150,1160,1175,1188,1201,1212,1228,1236,1264,1276,1290,1298,1313,1323,1330,1333,1332,1326,1321,1305,1300,1281,1247,1229,1218,1206,1194,1165,1159,1148,1140,1135,1131,1124,1122,1118,1114,1108,1105,1105],""all_points_y"":[642,647,653,660,668,674,683,690,697,701,709,711,720,723,731,738,755,771,784,793,799,801,801,796,797,800,801,801,799,796,793,773,767,755,741,734,725,708,700,680,668,659,651,644]}","{""label_type"":""handlabeled"",""hold_type"":""hold""}"
108.jpg,7026455,{},103,68,"{""name"":""polygon"",""all_points_x"":[1221,1229,1240,1247,1253,1262,1267,1271,1275,1279,1282,1287,1291,1295,1297,1302,1305,1309,1312,1318,1322,1324,1326,1327,1331,1332,1333,1336,1340,1346,1349,1350,1351,1352,1354,1357,1359,1361,1365,1368,1381,1383,1390,1395,1397,1405,1405,1400,1393,1385,1381,1362,1354,1339,1325,1318,1309,1300,1289,1278,1266,1255,1246,1230,1217,1209,1204,1201,1199,1201,1208,1212],""all_points_y"":[51,53,55,57,58,60,61,61,61,62,61,61,61,61,61,59,58,57,56,56,55,55,56,57,59,61,64,71,76,87,92,96,97,99,102,105,105,105,105,105,109,110,118,123,125,135,144,159,171,181,183,190,193,196,196,197,196,195,193,189,184,176,167,156,137,122,107,92,80,73,64,60]}","{""label_type"":""handlabeled"",""hold_type"":""hold""}"
108.jpg,7026455,{},103,69,"{""name"":""polygon"",""all_points_x"":[1353,1354,1354,1347,1337,1331,1326,1316,1308,1302,1293,1289,1288],""all_points_y"":[901,908,910,908,906,902,900,893,887,880,870,864,859]}","{""label_type"":""handlabeled"",""hold_type"":""hold""}"
108.jpg,7026455,{},103,70,"{""name"":""polygon"",""all_points_x"":[1158,1162,1160,1158,1149,1144,1138,1133,1128,1125,1119,1115,1111,1108,1103,1101,1097,1094,1093,1089,1085,1079,1071,1065,1055,1046,1037,1028,1023,1021,1022,1024,1026,1032,1041,1060,1088,1122,1140,1148,1151,1157],""all_points_y"":[813,818,824,830,838,844,850,857,863,868,875,884,892,898,908,916,925,936,941,947,949,950,950,949,947,944,937,929,920,912,902,892,883,871,857,835,817,804,804,805,807,810]}","{""label_type"":""handlabeled"",""hold_type"":""hold""}"
108.jpg,7026455,{},103,71,"{""name"":""polygon"",""all_points_x"":[1128,1134,1139,1143,1147,1153,1157,1159,1158,1157,1154,1150,1147,1133,1125,1113,1106,1097,1088,1064,1054,1044,1040,1035,1029,1026,1020,1010,999,996,996,997,1004,1017,1025,1053,1067,1083,1109,1118,1122],""all_points_y"":[942,943,946,949,952,957,964,976,987,1001,1012,1023,1036,1060,1070,1083,1090,1096,1102,1115,1119,1121,1121,1120,1118,1117,1113,1105,1091,1082,1078,1074,1069,1062,1058,1037,1023,1003,955,943,942]}","{""label_type"":""handlabeled"",""hold_type"":""hold""}"
108.jpg,7026455,{},103,72,"{""name"":""polygon"",""all_points_x"":[1351,1360,1367,1375,1382,1389,1396,1411,1421,1433,1437,1440,1443,1446,1448,1450,1453,1479,1482,1482,1481,1475,1469,1464,1460,1452,1447,1439,1434,1428,1424,1419,1413,1409,1405,1399,1388,1381,1373,1364,1360,1357,1355,1352,1351,1349],""all_points_y"":[872,872,874,878,883,888,894,903,906,912,916,918,920,922,923,925,929,957,962,964,966,968,969,969,970,971,971,970,969,968,968,967,965,964,963,960,955,949,942,930,923,917,911,896,889,874]}","{""label_type"":""handlabeled"",""hold_type"":""hold""}"
108.jpg,7026455,{},103,73,"{""name"":""polygon"",""all_points_x"":[1370,1378,1385,1391,1395,1402,1404,1405,1410,1414,1415,1416,1417,1414,1410,1407,1403,1396,1389,1378,1366,1356,1343,1335,1330,1320,1315,1312,1312,1312,1315,1316,1320,1325,1329,1343,1355],""all_points_y"":[1356,1353,1348,1342,1337,1327,1321,1318,1315,1308,1298,1290,1283,1280,1275,1271,1269,1265,1262,1262,1261,1264,1267,1271,1277,1288,1298,1306,1312,1320,1329,1333,1342,1347,1350,1352,1354]}","{""label_type"":""handlabeled"",""hold_type"":""hold""}"
108.jpg,7026455,{},103,74,"{""name"":""polygon"",""all_points_x"":[1382,1395,1401,1408,1413,1420,1424,1428,1432,1439,1442,1443,1441,1438,1434,1426,1420,1412,1407,1398,1396,1390,1383,1376,1371,1364,1357,1349,1340,1332,1326,1318,1307,1302,1285,1279,1271,1263,1256,1248,1245,1243,1243,1245,1264,1270,1289,1306,1321,1342,1351,1364],""all_points_y"":[1003,1014,1022,1028,1035,1042,1049,1057,1065,1077,1087,1093,1100,1107,1112,1119,1123,1127,1130,1129,1127,1122,1112,1102,1095,1086,1078,1070,1060,1052,1044,1038,1030,1026,1016,1011,1008,1003,999,993,990,984,978,971,956,958,960,965,968,978,983,991]}","{""label_type"":""handlabeled"",""hold_type"":""hold""}"
108.jpg,7026455,{},103,75,"{""name"":""polygon"",""all_points_x"":[1730,1741,1756,1773,1781,1793,1800,1805,1810,1811,1814,1814,1813,1811,1805,1797,1786,1774,1763,1740,1730,1720,1711,1700,1671,1659,1641,1635,1633,1637,1645,1659,1671,1692,1709,1718],""all_points_y"":[129,131,136,144,151,161,170,178,187,195,206,218,233,241,253,268,282,294,301,309,310,310,309,307,292,282,256,239,224,198,177,158,144,134,130,129]}","{""label_type"":""handlabeled"",""hold_type"":""hold""}"
108.jpg,7026455,{},103,76,"{""name"":""polygon"",""all_points_x"":[1395,1401,1410,1420,1433,1441,1447,1455,1461,1463,1482,1489,1494,1496,1497,1499,1507,1519,1524,1529,1534,1538,1542,1545,1546,1550,1553,1569,1572,1573,1573,1573,1571,1569,1561,1559,1558,1554,1552,1547,1545,1543,1542,1537,1534,1533,1531,1530,1529,1529,1527,1526,1513,1511,1508,1489,1477,1475,1464,1457,1451,1437,1432,1421,1410,1404,1396,1392],""all_points_y"":[852,854,857,861,863,866,866,865,865,865,855,850,844,843,842,842,851,859,864,867,872,879,884,889,894,900,905,928,932,933,936,940,945,945,943,942,942,942,942,941,941,941,943,943,943,945,947,949,951,952,956,955,949,948,947,936,933,932,929,925,924,916,908,895,885,874,858,853]}","{""label_type"":""handlabeled"",""hold_type"":""hold""}"
108.jpg,7026455,{},103,77,"{""name"":""polygon"",""all_points_x"":[1551,1577,1595,1632,1650,1676,1689,1693,1694,1690,1661,1651,1638,1628,1619,1607,1595,1582,1566,1556,1537,1535,1535],""all_points_y"":[976,976,977,978,979,979,980,981,984,988,1007,1011,1018,1019,1018,1018,1015,1010,1001,995,982,978,977]}","{""label_type"":""handlabeled"",""hold_type"":""hold""}"
108.jpg,7026455,{},103,78,"{""name"":""polygon"",""all_points_x"":[1796,1811,1820,1832,1851,1865,1876,1886,1891,1894,1893,1890,1883,1873,1864,1854,1840,1819,1812,1783,1772,1761,1748,1738,1726,1715,1702,1691,1682,1670,1667,1664,1662,1662,1663,1673,1686,1697,1706,1714,1729,1739,1756,1762,1775],""all_points_y"":[947,944,941,935,925,915,903,889,875,864,850,835,824,814,805,797,790,783,782,782,783,786,789,793,798,803,810,818,826,841,851,863,873,880,886,903,917,925,932,935,942,944,948,949,949]}","{""label_type"":""handlabeled"",""hold_type"":""hold""}"
108.jpg,7026455,{},103,79,"{""name"":""polygon"",""all_points_x"":[1643,1653,1661,1670,1679,1686,1693,1699,1704,1707,1709,1711,1713,1712,1709,1707,1705,1701,1698,1692,1689,1681,1672,1668,1663,1653,1646,1638,1629,1625,1608,1582,1565,1560,1552,1550,1550,1554,1565,1581,1595,1613,1623],""all_points_y"":[596,597,598,601,606,611,616,623,629,633,640,648,656,662,671,677,683,690,693,699,702,706,713,715,717,719,722,723,723,723,721,713,700,694,679,665,647,635,620,609,603,597,597]}","{""label_type"":""handlabeled"",""hold_type"":""hold""}"
108.jpg,7026455,{},103,80,"{""name"":""polygon"",""all_points_x"":[1771,1772,1772,1775,1778,1780,1782,1782,1780,1778,1775,1771,1768,1765,1759,1757,1750,1745,1739,1734,1729,1724,1713,1699,1704,1714,1719,1722,1722,1722,1722,1724,1727,1747,1756,1763,1769],""all_points_y"":[966,973,981,987,994,1002,1007,1013,1017,1020,1021,1022,1022,1022,1019,1018,1014,1011,1008,1005,1001,998,990,975,974,973,973,973,969,966,964,963,963,961,963,963,965]}","{""label_type"":""handlabeled"",""hold_type"":""hold""}"
108.jpg,7026455,{},103,81,"{""name"":""polygon"",""all_points_x"":[1890,1889,1886,1880,1874,1866,1856,1847,1840,1835,1826,1819,1807,1800,1793,1788,1783,1782,1782,1782,1780,1779,1777,1775,1772,1772,1773,1789,1814,1836,1870],""all_points_y"":[981,985,989,992,996,1001,1007,1012,1014,1017,1019,1019,1019,1018,1017,1016,1015,1014,1009,1006,1002,997,991,987,981,977,975,975,976,976,979]}","{""label_type"":""handlabeled"",""hold_type"":""hold""}"
108.jpg,7026455,{},103,82,"{""name"":""polygon"",""all_points_x"":[1974,1985,1992,2006,2018,2029,2045,2053,2062,2075,2076,2078,2076,2071,2067,2061,2054,2044,2033,2007,1997,1984,1968,1957,1947,1939,1932,1924,1919,1917,1919,1924,1928,1934,1940,1949,1957],""all_points_y"":[759,760,759,758,755,751,744,737,730,709,699,686,676,669,661,652,646,641,637,636,637,640,646,652,658,664,670,680,687,701,711,726,733,740,745,751,755]}","{""label_type"":""handlabeled"",""hold_type"":""hold""}"
108.jpg,7026455,{},103,83,"{""name"":""polygon"",""all_points_x"":[2580,2584,2588,2591,2594,2596,2595,2593,2584,2582],""all_points_y"":[98,99,106,117,128,137,142,149,160,156]}","{""label_type"":""handlabeled"",""hold_type"":""hold""}"
108.jpg,7026455,{},103,84,"{""name"":""polygon"",""all_points_x"":[2477,2475,2468,2459,2455,2448,2428,2440],""all_points_y"":[565,575,588,601,605,609,622,608]}","{""label_type"":""handlabeled"",""hold_type"":""hold""}"
108.jpg,7026455,{},103,85,"{""name"":""polygon"",""all_points_x"":[2598,2598,2596,2593,2591,2587,2585,2582,2581,2577,2571,2570,2559,2557,2555,2553,2549,2544,2543,2539,2533,2530,2526,2522,2520,2519,2518,2518,2520,2527,2533,2535,2537,2543,2548,2553,2562,2570,2582,2590,2596],""all_points_y"":[1244,1254,1263,1272,1276,1280,1284,1286,1285,1284,1278,1275,1268,1267,1266,1265,1263,1261,1260,1259,1258,1257,1256,1255,1255,1252,1249,1248,1246,1242,1239,1239,1236,1226,1225,1225,1227,1231,1234,1237,1240]}","{""label_type"":""handlabeled"",""hold_type"":""hold""}"
108.jpg,7026455,{},103,86,"{""name"":""polygon"",""all_points_x"":[2416,2424,2431,2439,2445,2452,2458,2463,2468,2470,2472,2474,2476,2478,2480,2480,2480,2478,2474,2472,2468,2461,2458,2453,2451,2438,2428,2422,2416,2405,2396,2393,2392,2392,2394,2397,2399,2402,2404,2407],""all_points_y"":[1207,1208,1207,1208,1207,1205,1202,1199,1196,1193,1190,1185,1180,1175,1169,1164,1160,1153,1149,1146,1143,1140,1139,1138,1138,1138,1138,1138,1139,1146,1159,1166,1168,1172,1175,1178,1184,1188,1191,1193]}","{""label_type"":""handlabeled"",""hold_type"":""hold""}"
108.jpg,7026455,{},103,87,"{""name"":""polygon"",""all_points_x"":[2129,2120,2115,2111,2111,2115,2118,2121,2124,2136,2147,2160,2181,2196,2209,2226,2245,2262,2278,2294,2308,2323,2325,2327,2326,2322,2317,2308,2280,2262,2255,2258,2259,2256,2250,2207,2195,2162,2134,2116,2121],""all_points_y"":[845,853,859,863,865,866,865,862,863,865,865,867,870,870,871,870,869,866,861,852,847,831,826,818,813,806,801,795,774,759,753,749,745,742,743,771,779,806,829,846,850]}","{""label_type"":""handlabeled"",""hold_type"":""hold""}"
108.jpg,7026455,{},103,88,"{""name"":""polygon"",""all_points_x"":[2181,2193,2204,2215,2225,2238,2241,2242,2236,2180,2160,2139,2131,2129,2132,2141,2144,2147,2153,2157,2163,2170],""all_points_y"":[1431,1421,1408,1394,1381,1359,1354,1351,1348,1319,1308,1296,1293,1297,1303,1343,1361,1378,1395,1404,1414,1421]}","{""label_type"":""handlabeled"",""hold_type"":""hold""}"
108.jpg,7026455,{},103,89,"{""name"":""polygon"",""all_points_x"":[2392,2397,2397,2396,2395,2392,2389,2386,2382,2380,2376,2372,2369,2366,2363,2361,2352,2350,2329,2316,2284,2270,2263,2257,2252,2249,2247,2254,2259,2266,2279,2285,2295,2301,2308,2320,2329,2338,2347,2355,2381,2384],""all_points_y"":[1176,1183,1189,1196,1201,1207,1213,1218,1222,1225,1228,1230,1231,1231,1232,1231,1226,1224,1211,1201,1180,1169,1165,1159,1155,1150,1142,1131,1123,1117,1110,1107,1107,1108,1112,1119,1130,1137,1144,1152,1167,1169]}","{""label_type"":""handlabeled"",""hold_type"":""hold""}"
108.jpg,7026455,{},103,90,"{""name"":""polygon"",""all_points_x"":[2390,2397,2408,2418,2431,2436,2440,2442,2442,2438,2433,2429,2422,2418,2407,2397,2387,2378,2367,2362,2350,2340,2330,2324,2321,2321,2325,2332,2340,2347,2358,2366,2376,2381],""all_points_y"":[796,794,787,776,752,741,723,704,691,682,677,676,677,680,686,695,703,708,716,717,721,726,732,736,743,753,762,770,777,784,791,794,797,797]}","{""label_type"":""handlabeled"",""hold_type"":""hold""}"
108.jpg,7026455,{},103,91,"{""name"":""polygon"",""all_points_x"":[2207,2220,2230,2247,2256,2264,2268,2273,2273,2272,2269,2263,2258,2249,2233,2227,2217,2209,2197,2189,2180,2172,2169,2167,2168,2173,2179,2195,2203],""all_points_y"":[901,896,895,893,895,899,904,914,921,932,941,954,964,975,988,991,991,990,985,980,973,964,955,944,937,927,919,906,903]}","{""label_type"":""handlabeled"",""hold_type"":""hold""}"
108.jpg,7026455,{},103,92,"{""name"":""polygon"",""all_points_x"":[2689,2677,2660,2648,2637,2625,2613,2576,2560,2548,2536,2525,2520,2515,2515,2515,2518,2527,2541,2566,2602,2620,2642,2662,2673,2688,2696,2701,2703,2704,2701],""all_points_y"":[515,525,534,542,548,554,560,574,578,580,580,579,577,574,569,563,556,544,526,504,481,471,462,460,461,466,471,477,483,489,501]}","{""label_type"":""handlabeled"",""hold_type"":""hold""}"
108.jpg,7026455,{},103,93,"{""name"":""polygon"",""all_points_x"":[2797,2778,2761,2745,2740,2729,2727,2729,2735,2748,2753,2760,2778,2783,2789,2797],""all_points_y"":[1141,1135,1133,1138,1150,1168,1174,1182,1188,1193,1192,1192,1196,1194,1190,1175]}","{""label_type"":""handlabeled"",""hold_type"":""hold""}"
108.jpg,7026455,{},103,94,"{""name"":""polygon"",""all_points_x"":[2797,2797,2784,2766,2747,2735,2721,2696,2674,2653,2630,2617,2617,2625,2629,2640,2668,2685,2697,2705,2715,2741,2753,2771,2778,2787],""all_points_y"":[534,611,617,625,639,650,657,662,666,645,628,620,615,600,592,584,566,556,546,535,529,515,511,503,509,526]}","{""label_type"":""handlabeled"",""hold_type"":""hold""}"
108.jpg,7026455,{},103,95,"{""name"":""polygon"",""all_points_x"":[2666,2685,2694,2699,2703,2712,2714,2714,2713,2713,2710,2707,2705,2700,2695,2689,2684,2680,2674,2668,2664,2657,2653,2646,2644,2643,2642,2642,2642,2642,2642,2643,2646,2650,2653,2656,2660],""all_points_y"":[1404,1401,1399,1399,1398,1388,1384,1380,1374,1368,1363,1357,1352,1347,1343,1341,1340,1339,1341,1342,1345,1348,1351,1357,1362,1366,1371,1374,1379,1383,1388,1391,1394,1398,1399,1401,1402]}","{""label_type"":""handlabeled"",""hold_type"":""hold""}"
108.jpg,7026455,{},103,96,"{""name"":""polygon"",""all_points_x"":[2560,2557,2546,2543,2535,2524,2503,2499,2496,2490,2454,2451,2452,2455,2458,2459,2462,2466,2496,2522,2528,2531,2533,2538,2544,2552,2557],""all_points_y"":[1445,1453,1464,1465,1464,1458,1446,1443,1440,1436,1417,1413,1408,1397,1379,1367,1362,1361,1366,1372,1376,1386,1393,1405,1416,1432,1435]}","{""label_type"":""handlabeled"",""hold_type"":""hold""}"
108.jpg,7026455,{},103,97,"{""name"":""polygon"",""all_points_x"":[2569,2575,2586,2593,2603,2611,2619,2625,2628,2630,2632,2632,2632,2627,2622,2618,2607,2603,2594,2588,2579,2570,2562,2553,2548,2541,2534,2527,2522,2520,2521,2522,2526,2533,2540,2546,2554,2561],""all_points_y"":[752,749,748,750,755,761,769,779,785,791,802,812,820,828,837,843,852,854,855,855,853,850,847,841,840,833,827,819,812,804,797,791,784,775,769,764,757,754]}","{""label_type"":""handlabeled"",""hold_type"":""hold""}"
108.jpg,7026455,{},103,98,"{""name"":""polygon"",""all_points_x"":[2360,2366,2373,2379,2385,2396,2401,2405,2416,2429,2444,2451,2456,2460,2464,2467,2471,2475,2476,2478,2478,2480,2475,2469,2465,2454,2447,2422,2418,2412,2392,2384,2379,2376,2372,2368,2363,2361,2359,2356,2353,2350,2347,2352],""all_points_y"":[825,821,818,816,815,809,806,803,802,800,798,797,795,793,792,793,796,801,808,821,832,848,863,889,893,905,909,928,930,930,921,918,912,908,902,895,889,882,872,866,859,854,852,844]}","{""label_type"":""handlabeled"",""hold_type"":""hold""}"
108.jpg,7026455,{},103,99,"{""name"":""polygon"",""all_points_x"":[2626,2642,2653,2661,2666,2672,2675,2680,2681,2679,2676,2674,2671,2669,2664,2658,2651,2645,2642,2638,2630,2626,2622,2618,2614,2612,2611,2609,2608,2607,2605,2605,2608,2613,2615,2620],""all_points_y"":[1077,1073,1071,1071,1069,1065,1059,1051,1049,1041,1033,1025,1018,1015,1013,1011,1009,1008,1008,1010,1014,1017,1019,1021,1024,1027,1031,1037,1043,1046,1056,1058,1060,1064,1067,1071]}","{""label_type"":""handlabeled"",""hold_type"":""hold""}"
108.jpg,7026455,{},103,100,"{""name"":""polygon"",""all_points_x"":[2537,2562,2572,2577,2582,2587,2588,2588,2586,2583,2580,2572,2569,2565,2561,2557,2554,2548,2540,2535,2528,2521,2515,2510,2502,2497,2493,2489,2484,2482,2481,2481,2482,2485,2492,2497,2505,2511,2519,2525],""all_points_y"":[1075,1063,1060,1056,1051,1042,1029,1022,1014,1007,1002,992,989,987,986,986,987,988,989,991,993,996,998,1001,1006,1011,1017,1021,1026,1033,1038,1044,1050,1055,1061,1064,1067,1069,1072,1074]}","{""label_type"":""handlabeled"",""hold_type"":""hold""}"
108.jpg,7026455,{},103,101,"{""name"":""polygon"",""all_points_x"":[1969,1977,1988,2008,2029,2053,2066,2079,2082,2081,2078,2076,2078,2079,2080,2080,2079,2076,2075,2073,2072,2069,2066,2066,2062,2062,2061,2050,2044,2036,2019,2001,1983,1976,1972,1968],""all_points_y"":[963,955,943,926,909,889,881,872,874,878,882,885,887,889,889,893,895,899,911,920,933,948,974,988,1004,1013,1017,1030,1033,1034,1013,994,973,965,970,968]}","{""label_type"":""handlabeled"",""hold_type"":""hold""}"
108.jpg,7026455,{},103,102,"{""name"":""polygon"",""all_points_x"":[2068,2067,2068,2071,2075,2081,2082,2082,2082,2075,2071,2067,2063,2061,2056,2053,2049,2046,2042,2039,2034,2032,2030,2030,2029,2028,2028,2029,2030,2031,2033,2035,2038,2040,2043,2047,2050,2053,2056,2059,2062],""all_points_y"":[1248,1240,1233,1227,1222,1215,1212,1210,1207,1203,1202,1201,1201,1200,1200,1200,1200,1201,1203,1206,1210,1211,1213,1216,1218,1222,1224,1227,1231,1234,1237,1240,1242,1243,1245,1246,1247,1248,1248,1249,1249]}","{""label_type"":""handlabeled"",""hold_type"":""hold""}"
082.jpg,6587322,{},25,0,"{""name"":""polygon"",""all_points_x"":[0,183,214,222,231,676,676,669,1],""all_points_y"":[364,606,648,651,648,401,392,384,185]}","{""label_type"":""handlabeled"",""hold_type"":""volume""}"
082.jpg,6587322,{},25,1,"{""name"":""polygon"",""all_points_x"":[1,22,42,50,53,46,34,10,0],""all_points_y"":[853,859,870,877,889,899,910,922,927]}","{""label_type"":""handlabeled"",""hold_type"":""hold""}"
082.jpg,6587322,{},25,2,"{""name"":""polygon"",""all_points_x"":[550,558,561,566,668,692],""all_points_y"":[1,24,30,33,8,1]}","{""label_type"":""handlabeled"",""hold_type"":""hold""}"
082.jpg,6587322,{},25,3,"{""name"":""polygon"",""all_points_x"":[711,740,770,799,832,860,887,902,921,927,930,929,925,919,910,901,885,869,860,842,819,791,781,765,743,724,708,681,668,653,634,605,575,552,540,529,521,518,518,523,533,557,572,590,612,640,664,688,699],""all_points_y"":[802,801,796,786,766,744,715,686,638,614,570,544,523,504,488,477,461,450,444,435,428,422,421,422,424,428,433,441,447,455,465,485,510,540,559,581,607,628,650,684,703,735,750,762,776,788,797,801,801]}","{""label_type"":""handlabeled"",""hold_type"":""volume""}"
082.jpg,6587322,{},25,4,"{""name"":""polygon"",""all_points_x"":[789,793,796,800,800,799,795,792,790,786,781,774,765,758,753,748,745,739,733,724,720,717,719,720,721,726,732,741,749,754,759,760,759,760,763,766,772,777,779,781],""all_points_y"":[553,563,572,582,596,600,603,610,612,615,618,620,625,629,631,636,640,643,644,644,639,632,623,616,610,600,593,586,582,575,567,557,550,540,531,528,527,530,533,536]}","{""label_type"":""handlabeled"",""hold_type"":""hold""}"
082.jpg,6587322,{},25,5,"{""name"":""polygon"",""all_points_x"":[796,791,776,765,755,747,742,738,736,737,743,751,763,771,775,786,792,796,798],""all_points_y"":[1427,1435,1444,1448,1449,1448,1445,1441,1436,1428,1421,1415,1409,1407,1406,1409,1410,1415,1422]}","{""label_type"":""handlabeled"",""hold_type"":""hold""}"
082.jpg,6587322,{},25,6,"{""name"":""polygon"",""all_points_x"":[1714,1725,1739,1757,1784,1809,1832,1859,1880,1900,1902,1899,1886,1861,1836,1818,1796,1776,1765,1756,1740,1724,1708,1702,1695,1685,1679,1666,1657,1650,1643,1634,1629,1627,1627,1628,1631,1636,1644,1648,1671,1682,1693,1701,1707],""all_points_y"":[1693,1692,1690,1687,1678,1665,1651,1628,1607,1577,1564,1540,1503,1471,1450,1442,1435,1431,1432,1436,1444,1452,1463,1464,1469,1472,1477,1482,1489,1493,1502,1513,1528,1537,1554,1566,1577,1590,1607,1616,1649,1665,1679,1687,1691]}","{""label_type"":""handlabeled"",""hold_type"":""hold""}"
082.jpg,6587322,{},25,7,"{""name"":""polygon"",""all_points_x"":[1282,1312,1333,1358,1366,1371,1378,1395,1415,1425,1435,1450,1458,1473,1485,1496,1511,1530,1540,1549,1560,1568,1594,1597,1602,1600,1589,1579,1569,1562,1552,1544,1534,1523,1512,1509,1499,1486,1468,1458,1445,1437,1429,1424,1419,1412,1401,1388,1375,1358,1341,1331,1327,1312,1307,1303,1280],""all_points_y"":[1408,1382,1365,1344,1338,1335,1334,1332,1330,1329,1330,1337,1340,1347,1355,1365,1383,1406,1421,1433,1441,1450,1478,1485,1498,1505,1515,1524,1534,1541,1547,1556,1563,1571,1578,1580,1582,1585,1591,1596,1602,1607,1610,1611,1611,1603,1586,1567,1552,1533,1514,1503,1494,1464,1451,1440,1413]}","{""label_type"":""handlabeled"",""hold_type"":""hold""}"
082.jpg,6587322,{},25,8,"{""name"":""polygon"",""all_points_x"":[1220,1228,1237,1242,1246,1245,1242,1237,1233,1229,1225,1223,1220,1217,1213,1209,1208,1207,1206,1204,1203,1202,1203,1204,1205,1206,1207,1209,1211,1216],""all_points_y"":[807,803,795,788,779,773,768,766,764,764,765,765,766,769,770,772,772,773,776,783,785,788,792,796,799,800,802,805,806,807]}","{""label_type"":""handlabeled"",""hold_type"":""hold""}"
082.jpg,6587322,{},25,9,"{""name"":""polygon"",""all_points_x"":[1767,1779,1788,1799,1812,1822,1835,1847,1858,1871,1878,1882,1884,1885,1884,1881,1879,1873,1867,1863,1854,1846,1836,1829,1824,1817,1813,1803,1800,1795,1790,1773,1768,1765,1762,1762,1762,1762,1763],""all_points_y"":[1101,1103,1103,1104,1106,1107,1107,1106,1105,1104,1104,1105,1109,1113,1122,1134,1140,1149,1154,1157,1160,1164,1169,1172,1175,1176,1176,1173,1172,1168,1162,1146,1140,1136,1128,1122,1114,1107,1103]}","{""label_type"":""handlabeled"",""hold_type"":""hold""}"
082.jpg,6587322,{},25,10,"{""name"":""polygon"",""all_points_x"":[1132,1137,1141,1141,1140,1137,1132,1127,1120,1115,1109,1105,1103,1100,1098,1098,1095,1092,1092,1095,1099,1103,1109,1116,1121,1127],""all_points_y"":[698,686,674,667,659,656,653,655,655,658,661,664,666,671,676,679,684,686,691,696,697,699,699,700,699,699]}","{""label_type"":""handlabeled"",""hold_type"":""hold""}"
082.jpg,6587322,{},25,11,"{""name"":""polygon"",""all_points_x"":[1203,1212,1216,1219,1217,1212,1207,1203,1199,1196,1193,1191,1190,1191,1196,1202],""all_points_y"":[611,608,602,596,589,584,581,580,583,584,587,590,597,603,608,610]}","{""label_type"":""handlabeled"",""hold_type"":""hold""}"
082.jpg,6587322,{},25,12,"{""name"":""polygon"",""all_points_x"":[1240,1248,1253,1254,1253,1250,1246,1242,1237,1232,1230,1227,1227,1227,1231,1236],""all_points_y"":[600,598,593,586,578,572,568,567,568,570,572,577,585,591,597,599]}","{""label_type"":""handlabeled"",""hold_type"":""hold""}"
082.jpg,6587322,{},25,13,"{""name"":""polygon"",""all_points_x"":[1360,1381,1397,1411,1418,1436,1446,1464,1470,1475,1475,1474,1471,1465,1425,1410,1382,1372,1365,1354,1338,1315,1264,1239,1228,1212,1184,1167,1149,1135,1123,1108,1093,1090,1089,1088,1088,1089,1091,1093,1094,1095,1096,1096,1105,1118,1124,1134,1140,1148,1153,1158,1222,1250,1289,1329,1341],""all_points_y"":[102,106,110,112,115,122,129,144,156,170,187,202,217,232,313,340,396,409,420,436,458,485,527,546,557,566,580,586,590,593,595,595,595,588,581,572,564,560,554,545,541,536,531,528,521,509,501,482,476,469,463,454,348,303,225,132,100]}","{""label_type"":""handlabeled"",""hold_type"":""hold""}"
082.jpg,6587322,{},25,14,"{""name"":""polygon"",""all_points_x"":[1561,1570,1579,1589,1599,1601,1602,1601,1598,1594,1589,1584,1580,1576,1571,1567,1565,1562,1559,1558,1556,1556,1555,1555,1555,1557],""all_points_y"":[366,365,364,358,350,344,337,330,328,327,327,328,329,331,333,336,339,342,345,347,351,353,355,358,361,364]}","{""label_type"":""handlabeled"",""hold_type"":""hold""}"
082.jpg,6587322,{},25,15,"{""name"":""polygon"",""all_points_x"":[1515,1527,1538,1546,1556,1560,1563,1562,1560,1555,1549,1544,1538,1532,1527,1521,1516,1509,1504,1497,1492,1486,1479,1472,1466,1461,1454,1449,1448,1446,1446,1445,1447,1450,1456,1461,1474,1483,1491,1501,1510],""all_points_y"":[655,646,640,635,624,616,603,592,586,584,584,586,587,587,588,588,588,587,587,587,586,585,584,584,583,583,583,583,585,589,593,600,608,617,626,632,645,652,657,658,656]}","{""label_type"":""handlabeled"",""hold_type"":""hold""}"
082.jpg,6587322,{},25,16,"{""name"":""polygon"",""all_points_x"":[214,224,232,233,233,230,225,220,217,213,208,204,200,198,198,199,201,206,208],""all_points_y"":[691,688,684,677,668,664,660,657,655,655,656,656,659,664,670,676,682,687,689]}","{""label_type"":""handlabeled"",""hold_type"":""hold""}"
082.jpg,6587322,{},25,17,"{""name"":""polygon"",""all_points_x"":[2029,2024,2021,2017,2010,2004,1995,1986,1981,1972,1965,1956,1950,1944,1939,1932,1925,1919,1915,1911],""all_points_y"":[1,9,14,18,22,27,31,35,37,40,42,42,40,37,32,27,22,15,8,0]}","{""label_type"":""handlabeled"",""hold_type"":""hold""}"
082.jpg,6587322,{},25,18,"{""name"":""polygon"",""all_points_x"":[2228,2231,2235,2242,2247,2253,2261,2269,2276,2283,2292,2301,2313,2329,2343,2358,2377,2390,2401,2410,2416,2419,2421,2420],""all_points_y"":[1,6,12,21,25,31,36,39,41,42,43,44,42,41,38,34,29,27,24,19,15,10,4,1]}","{""label_type"":""handlabeled"",""hold_type"":""hold""}"
082.jpg,6587322,{},25,19,"{""name"":""polygon"",""all_points_x"":[2095,2106,2115,2125,2138,2151,2166,2179,2194,2203,2206,2208,2212,2213,2212,2211,2208,2204,2199,2193,2184,2170,2156,2150,2140,2133,2125,2120,2112,2106,2099,2093,2089,2087,2087,2088,2089],""all_points_y"":[857,857,859,860,861,862,861,860,857,857,857,859,862,866,875,884,893,900,908,912,917,924,931,934,934,933,930,924,917,911,905,898,888,879,870,862,859]}","{""label_type"":""handlabeled"",""hold_type"":""hold""}"
082.jpg,6587322,{},25,20,"{""name"":""polygon"",""all_points_x"":[1832,1840,1844,1847,1848,1846,1843,1839,1833,1830,1826,1821,1819,1819,1820,1823,1827],""all_points_y"":[913,911,908,902,896,889,885,883,883,883,884,889,896,902,906,910,912]}","{""label_type"":""handlabeled"",""hold_type"":""hold""}"
082.jpg,6587322,{},25,21,"{""name"":""polygon"",""all_points_x"":[1792,1799,1804,1806,1807,1805,1802,1795,1792,1788,1785,1782,1779,1777,1778,1779,1782,1785,1788],""all_points_y"":[908,906,902,897,891,886,882,879,878,879,881,883,887,892,898,902,906,908,909]}","{""label_type"":""handlabeled"",""hold_type"":""hold""}"
082.jpg,6587322,{},25,22,"{""name"":""polygon"",""all_points_x"":[1731,1739,1749,1762,1774,1789,1799,1815,1827,1843,1854,1864,1884,1894,1909,1920,1930,1947,1979,1988,1997,1999,1998,1988,1973,1966,1927,1884,1850,1832,1805,1771,1751,1716,1693,1665,1645,1629,1625,1625,1629,1634,1653,1682,1709,1713,1722],""all_points_y"":[610,608,606,602,600,596,596,595,595,598,602,604,610,613,618,619,619,613,586,568,539,514,485,455,421,410,380,354,344,346,351,360,371,396,415,439,460,485,503,516,528,534,550,573,597,602,607]}","{""label_type"":""handlabeled"",""hold_type"":""hold""}"
082.jpg,6587322,{},25,23,"{""name"":""polygon"",""all_points_x"":[2184,2178,2179,2177,2176,2175,2174,2173,2174,2173,2170,2165,2164,2165,2163,2165,2167,2176,2177,2185,2186,2181,2160,2145,2136,2129,2123,2112,2103,2090,2077,2067,2055,2041,2031,2019,2002,1997,1993,1993,1992,1991,1990,1990,1990,1998,2008,2022,2035],""all_points_y"":[1,11,21,29,40,51,66,77,103,125,146,200,215,228,245,258,276,339,360,412,423,436,444,446,447,447,448,453,453,454,455,456,454,451,445,437,411,401,390,377,347,316,231,195,145,112,60,35,1]}","{""label_type"":""handlabeled"",""hold_type"":""hold""}"
082.jpg,6587322,{},25,24,"{""name"":""polygon"",""all_points_x"":[1743,1759,1774,1787,1803,1818,1842,1858,1880,1896,1912,1931,1944,1957,1969,1974,1972,1964,1948,1927,1904,1886,1866,1837,1823,1809,1778,1745,1718,1696,1673,1661,1659,1669,1683,1699,1729],""all_points_y"":[616,611,606,603,605,609,620,630,645,659,676,696,704,721,740,758,772,794,814,834,845,854,861,868,870,867,854,836,816,794,759,729,699,673,661,650,625]}","{""label_type"":""handlabeled"",""hold_type"":""hold""}"
